Title,Company,Job URL,Location,Salary,Tags,Date Posted
Account Executive,Actindo AG,https://remoteok.com/remote-jobs/remote-account-executive-actindo-ag-1093126,ğŸŒ Probably worldwide,ğŸ’° $55k - $70k*,"SaaS, Software, Sales, Executive",2025-05-07T08:00:55+00:00
Senior Software Engineer,Nava,https://remoteok.com/remote-jobs/remote-senior-software-engineer-nava-1093123,ğŸŒ Worldwide,ğŸ’° $63k - $93k*,"Software, Design, Security, Python, Training, Consultancy, Technical, Support, Growth, Code, Web, Travel, DevOps, Java, Cloud, Mobile, Senior, Health, Recruiting, Engineer, Engineering",2025-05-07T08:00:03+00:00
Backend Software Engineer,Firework,https://remoteok.com/remote-jobs/remote-backend-software-engineer-firework-1093113,ğŸ‡¨ğŸ‡¦ Canada,ğŸ’° $70k - $120k*,"Software, Design, SaaS, GraphQL, System, Python, Technical, Code, Video, Engineer, Engineering",2025-05-06T00:00:22+00:00
Lead Backend Engineer Debugger,Tenderly,https://remoteok.com/remote-jobs/remote-lead-backend-engineer-debugger-tenderly-1093093,ğŸ‡ªğŸ‡º Europe,ğŸ’° $65k - $83k*,"Design, Web3, Ethereum, System, Full-Stack, Technical, Support, Growth, Code, Cloud, Node, Management, Lead, Reliability, Engineer, Engineering",2025-05-02T10:00:03+00:00
Senior Software Engineer Full Stack,Cyngn,https://remoteok.com/remote-jobs/remote-senior-software-engineer-full-stack-cyngn-1093069,"Menlo Park, CA",ğŸ’° $65k - $98k*,"Software, Design, SaaS, System, Front End, Docker, Code, Voice, Java, Cloud, NoSQL, Typescript, API, Management, Senior, Operational, Go, Health, Engineer, Full-Time",2025-04-28T18:00:03+00:00
Product Engineer Frontend,Quash,https://remoteok.com/remote-jobs/remote-product-engineer-frontend-quash-1093066,ğŸŒ Probably worldwide,ğŸ’° $68k - $120k*,"Front End, Design, React, System, Front-End, Architect, Technical, Support, Testing, Test, Quality Assurance, Typescript, Strategy, Engineer",2025-04-28T03:00:16+00:00
React + Node Developer Web Applications,Oowlish Technology,https://remoteok.com/remote-jobs/remote-react-node-developer-web-applications-oowlish-technology-1093058,ğŸŒ Probably worldwide,ğŸ’° $60k - $83k*,"React, Developer, Web, Front End, Security, Full-Stack, Docker, Software, Growth, Code, Node, Management, Engineering, Fullstack",2025-04-26T00:00:05+00:00
Back End Developer Winna.com,Winna,https://remoteok.com/remote-jobs/remote-back-end-developer-winna-com-winna-1092973,ğŸŒ Worldwide,ğŸ’° $40k - $80k,"Engineer, JavaScript, Full Stack, Node, Crypto",2025-04-16T14:13:53+00:00
Software Engineer Data,Gauntlet,https://remoteok.com/remote-jobs/remote-software-engineer-data-gauntlet-1093031,ğŸŒ Worldwide,ğŸ’° $70k - $120k*,"Software, Design, Defi, Crypto, System, Python, Technical, Support, Code, Financial, Operations, Analytics, Reliability, Engineer",2025-04-23T10:00:17+00:00
Senior Fullstack Engineer,MoonPay,https://remoteok.com/remote-jobs/remote-senior-fullstack-engineer-moonpay-1093018,ğŸŒ Probably worldwide,ğŸ’° $68k - $98k*,"Web3, Defi, Crypto, React, System, Front End, Training, Full-Stack, Recruiter, Software, Testing, Code, Web, Voice, Video, Cloud, Senior, Go, Engineer, Engineering, Fullstack",2025-04-22T12:00:02+00:00
Staff Backend Engineer,Dapper Labs,https://remoteok.com/remote-jobs/remote-staff-backend-engineer-dapper-labs-1092983,ğŸ‡ºğŸ‡¸ United States,ğŸ‡¨ğŸ‡¦ Canada,"Design, Crypto, System, Architect, Technical, Developer, Cloud, API, Strategy, Junior, Go, Engineer, Engineering",2025-04-18T13:00:06+00:00
Senior Software Engineer,Emergent Software,https://remoteok.com/remote-jobs/remote-senior-software-engineer-emergent-software-1092940,ğŸŒ Probably worldwide,ğŸ’° $68k - $100k*,"Developer, Software, Design, React, Front End, Training, Consulting, Technical, UX, Code, Web, Scrum, DevOps, JavaScript, Cloud, Microsoft, Mobile, Management, Lead, Senior, Healthcare, Engineer, Engineering",2025-04-12T16:01:56+00:00
BACKEND AND INFRA ENGINEER,THE BIZ CONQUEST,https://remoteok.com/remote-jobs/remote-backend-and-infra-engineer-the-biz-conquest-1092927,ğŸ’ƒ Latin America,ğŸ’° $10k - $50k,"Engineer, Python",2025-04-11T00:03:35+00:00
Senior Full Stack Software Engineer,CleanSpark,https://remoteok.com/remote-jobs/remote-senior-full-stack-software-engineer-cleanspark-1092914,ğŸŒ Worldwide,ğŸ’° $40k - $80k*,"Software, Crypto, Bitcoin, Front-End, Security, Full-Stack, Docker, Technical, Support, Developer, Growth, Code, Financial, Git, Leader, Strategy, Management, Senior, Junior, Health, Engineer, Engineering, Linux",2025-04-09T10:00:03+00:00
Staff Full Stack Software Engineer,Greenlight Financial Technology,https://remoteok.com/remote-jobs/remote-staff-full-stack-software-engineer-greenlight-financial-technology-1092760,Atlanta (Remote Friendly),ğŸ’° $60k - $100k*,"Software, Design, React, Back-End, Security, Full-Stack, Support, Growth, Web, Scrum, JavaScript, Finance, Financial, Fintech, Banking, Cloud, Reliability, Health, Engineer, Engineering",2025-04-07T18:00:12+00:00
Software Development Engineer I,Mindtickle,https://remoteok.com/remote-jobs/remote-software-development-engineer-i-mindtickle-1092645,Pune or Bangalore,ğŸ’° $60k - $100k*,"Software, Amazon, React, System, Front-End, Training, Docker, Developer, Web, MySQL, Typescript, Leader, Sales, Engineer, Engineering",2025-04-07T03:00:04+00:00
Engineering Manager,MoonPay,https://remoteok.com/remote-jobs/remote-engineering-manager-moonpay-1092134,ğŸŒ Probably worldwide,ğŸ’° $60k - $100k*,"Manager, Web3, Crypto, React, Training, Technical, Recruiter, Support, Software, Growth, Voice, Video, Cloud, Typescript, Management, Lead, Senior, Engineer, Engineering",2025-04-04T08:00:04+00:00
Web3 Core Engineer,Brave,https://remoteok.com/remote-jobs/remote-web3-core-engineer-brave-1091430,ğŸ‡ºğŸ‡¸ United States,ğŸ’° $60k - $95k*,"Web3, Defi, Crypto, Cryptocurrency, Front-End, Ceo, Software, Web, JavaScript, C++, Typescript, Ads, Senior, Engineer, Engineering",2025-03-31T14:00:02+00:00
Senior Backend Engineer,Rarible,https://remoteok.com/remote-jobs/remote-senior-backend-engineer-rarible-1090185,ğŸŒ Worldwide,ğŸ‡ªğŸ‡º Europe,"Design, Web3, NFT, Support, Developer, Software, Code, Web, Senior, Reliability, Engineer",2025-03-25T19:00:03+00:00
